<?xml version="1.0" encoding="UTF-8"?>
<extension type="plugin" group="system" method="upgrade">
    <name>PLG_SYSTEM_VOLUNTEERS</name>
    <author>Joomla! Project</author>
    <creationDate>July 2016 / December 2022</creationDate>
    <copyright>(C) 2005 - 2023 Open Source Matters. All rights reserved.</copyright>
    <license>GNU General Public License version 2 or later; see LICENSE.txt</license>
    <authorEmail>admin@joomla.org</authorEmail>
    <authorUrl>www.joomla.org</authorUrl>
    <version>4.0.0</version>
    <description>PLG_SYSTEM_VOLUNTEERS_XML_DESCRIPTION</description>
    <namespace path="src">Joomla\Plugin\System\Volunteers</namespace>
    <files>
        <folder plugin="volunteers">services</folder>
        <folder>src</folder>
        <folder>language</folder>
    </files>
    <config>
        <fields name="params">
        </fields>
    </config>
</extension>