<?xml version="1.0" encoding="UTF-8" ?>
<extension type="package" version="3.6" method="upgrade">
	<name>pkg_volunteers</name>
	<packagename>volunteers</packagename>
	<creationDate>2024-07-28</creationDate>
	<packager>Joomla! Project</packager>
	<copyright>(C) 2022 Open Source Matters. All rights reserved.</copyright>
	<packageremail>admin@joomla.org</packageremail>
	<packagerurl>www.joomla.org</packagerurl>
	<author>Joomla! Project</author>
	<authorEmail>admin@joomla.org</authorEmail>
	<authorUrl>www.joomla.org</authorUrl>
	<version>1.0</version>
	<license>GNU General Public License version 2 or later; see LICENSE.txt</license>
	<description>Joomla Volunteer Portal Installation Packages</description>
	<files>
		<!-- The id for each extension is the element stored in the DB -->
		<file type="component" id="com_volunteers">com_volunteers.zip</file>
		<file type="module" id="mod_volunteers_latest" client="site">mod_volunteers_latest.zip</file>
		<file type="module" id="mod_volunteers_story" client="site">mod_volunteers_story.zip</file>
		<file type="plugin" id="joomlaidentityvolunteers" group="system">plg_system_joomlaidentityvolunteers.zip</file>
		<file type="plugin" id="volunteers" group="system">plg_system_volunteers.zip</file>
		<file type="plugin" id="volunteer" group="user">plg_user_volunteer.zip</file>
		<file type="plugin" id="jvp" group="sampledata">plg_sampledata_jvp.zip</file>
	 </files>
</extension>
