<?xml version="1.0" encoding="utf-8"?>
<metadata>
    <layout title="COM_VOLUNTEERS_TITLE_TEAMS">
        <message>
            <![CDATA[COM_VOLUNTEERS_TITLE_TEAMS_DESC]]>
        </message>
    </layout>

    <fields name="request">
        <fieldset name="request"
                  addfieldpath="/administrator/components/com_volunteers/models/fields">
            <field
                    name="id"
                    type="sql"
                    label="COM_VOLUNTEERS_FIELD_DEPARTMENT"
                    required="true"
                    edit="true"
                    clear="false"
                    query="SELECT id AS value,title AS id FROM #__volunteers_departments;"
            />
        </fieldset>
    </fields>
</metadata>
